모델,이미지상태,현재 이미지 주소,공식 제품 페이지
ASICS Megablast,대체이미지 (실물 사진 없음),/assets/asics-megablast.svg,https://www.asics.com/us/en-us/megablast/p/ANA_1013A170-400.html
ASICS Metaspeed Sky Tokyo,외부 이미지 (로딩 미검증),https://thelooprunning.com/cdn/shop/files/IMG_5043.png?v=1750969264,https://www.asics.com/jp/ja-jp/metaspeed-sky-tokyo/p/1013A162-400.html
ASICS Metaspeed Edge Tokyo,외부 이미지 (로딩 미검증),https://cdn11.bigcommerce.com/s-21x65e8kfn/images/stencil/original/products/80950/438087/ASI15963_2500_11__34947.1753287669.jpg,https://m.asics.co.kr/p/AKR_112631105-400
ASICS Metaspeed Ray,외부 이미지 (로딩 미검증),https://www.asics.com/nz/en-nz/media/catalog/product/image/1373667b3f/metaspeed-ray-tokyo.jpg,https://www.asics.com/nz/en-nz/metaspeed-ray-unisex-1013a176-100
adidas Adizero Boston 12,대체이미지 (실물 사진 없음),/assets/adidas-adizero-boston-12.svg,
adidas Adizero Boston 13,외부 이미지 (로딩 미검증),https://www.paceathletic.com/cdn/shop/files/Mens-Adidas-Adizero-Boston-13-CloudWhite_PureTeal_Grey-JR4791.jpg?v=1747700982,
adidas Adizero SL2,대체이미지 (실물 사진 없음),/assets/adidas-adizero-sl2.svg,
adidas Adizero Takumi Sen 10,대체이미지 (실물 사진 없음),/assets/adidas-adizero-takumi-sen-10.svg,
ASICS Gel-Kayano 32,외부 이미지 (로딩 미검증),https://cdn.shopify.com/s/files/1/0129/6942/files/mens-asics-gel-kayano-32-white-orange-glow_6.jpg?v=1756482295,
ASICS Gel-Nimbus 27,대체이미지 (실물 사진 없음),/assets/asics-gel-nimbus-27.svg,
ASICS Magic Speed 4,대체이미지 (실물 사진 없음),/assets/asics-magic-speed-4.svg,
Nike Vomero 18,외부 이미지 (로딩 미검증),https://www.run4it.com/cdn/shop/files/HM6803-007-M-Nike-Vomero18-right-medial-view_952x952.jpg?v=1749031427,
Nike Structure 26,대체이미지 (실물 사진 없음),/assets/nike-structure-26.svg,
Nike Zoom Fly 6,대체이미지 (실물 사진 없음),/assets/nike-zoom-fly-6.svg,
New Balance 1080 v14,외부 이미지 (로딩 미검증),https://cdn11.bigcommerce.com/s-s62r70/images/stencil/1280x1280/products/5832/20477/W1080N14-5__31240.1728573074.jpg?c=2,
New Balance More v5,대체이미지 (실물 사진 없음),/assets/new-balance-more-v5.svg,
New Balance SC Trainer v3,대체이미지 (실물 사진 없음),/assets/new-balance-sc-trainer-v3.svg,
HOKA Mach 6,대체이미지 (실물 사진 없음),/assets/hoka-mach-6.svg,
HOKA Bondi 9,외부 이미지 (로딩 미검증),https://cdn.media.amplience.net/i/sportinglife/25923725_COBALT-BLUE-ULTRAMARINE_0/Mens-Bondi-9-Running-Shoe-COBALT-BLUE-ULTRAMARINE?%24default%24=&fmt=auto,
HOKA Arahi 8,대체이미지 (실물 사진 없음),/assets/hoka-arahi-8.svg,
Saucony Ride 18,대체이미지 (실물 사진 없음),/assets/saucony-ride-18.svg,
Saucony Triumph 23,대체이미지 (실물 사진 없음),/assets/saucony-triumph-23.svg,
Saucony Guide 18,대체이미지 (실물 사진 없음),/assets/saucony-guide-18.svg,
PUMA Velocity Nitro 4,대체이미지 (실물 사진 없음),/assets/puma-velocity-nitro-4.svg,
PUMA MagMax Nitro 2,대체이미지 (실물 사진 없음),/assets/puma-magmax-nitro-2.svg,
ASICS Novablast 6,외부 이미지 (로딩 미검증),https://img.eobuwie.cloud/product%28c/7/e/5/c7e5fafc8f88b16c1f81caf4e92ef7e4a92e2da3_22_4571633746291.jpg%2Cjpg%29/buty-do-biegania-asics-novablast-6-1011c243-niebieski-0000306007383.jpg,
ASICS Novablast 5,외부 이미지 (로딩 미검증),https://www.asics.co.in/media/catalog/product/1/0/1011b974_400_sr_lt_glb-4.jpg?auto=webp&fit=cover&format=pjpg&height=800&width=640,
ASICS Superblast 2,외부 이미지 (로딩 미검증),https://131568135.cdn6.editmysite.com/uploads/1/3/1/5/131568135/MHF2JUCXIV5G23CNAYQHEZF7.png,
ASICS Metaspeed Sky Paris,외부 이미지 (로딩 미검증),https://www.run2day.nl/media/catalog/product/cache/9710b2f2ea63f156318feaeb50c5d7bb/a/s/asicsmetaspeedskyparisunisex-2900023716125.jpg,
adidas Adizero Adios Pro 4,외부 이미지 (로딩 미검증),https://parceriasport.cdn.magazord.com.br/img/2026/01/produto/9784/1.jpg?ims=1920x1920,
adidas Adizero Adios Pro 5,외부 이미지 (로딩 미검증),https://cdn.shopify.com/s/files/1/0129/6942/files/adidas-womens-adizero-adios-pro-5-solar-turbo-black-lucid-red-1_1200x630.jpg,
adidas Adizero EVO SL,외부 이미지 (로딩 미검증),https://intersport.com.au/cdn/shop/files/JH6206_1_FOOTWEAR_Photography_SideLateralCenterView_white.jpg?v=1747778597&width=1024,
Nike Alphafly 1,외부 이미지 (로딩 미검증),https://static.nike.com/a/images/t_PDP_1280_v1/f_auto%2Cq_auto%3Aeco/7aa06109-6503-4582-a1dc-c2319ba1ca01/air-zoom-alphafly-next-eliud-kipchoge-mens-road-racing-shoes-XNbfJ0.png,
Nike Alphafly 2,외부 이미지 (로딩 미검증),https://www.instacart.com/image-server/1200x1200/www.instacart.com/assets/domains/product-image/file/large_e4dc4e1a-6f49-4896-aba7-70fd95801697.jpeg,
Nike Alphafly 3,외부 이미지 (로딩 미검증),https://www.bfgcdn.com/1500_1500_90/023-2304/nike-alphafly-3-road-racing-shoes-chaussures-de-running.jpg,
Nike Alphafly 4,외부 이미지 (로딩 미검증),https://cdn.sanity.io/images/c1chvb1i/production/00988709b1f77b4a7bfc4b12802b74a29cd7ec43-1960x1320.jpg,
Nike Vaporfly 4,외부 이미지 (로딩 미검증),https://app.kicksonfire.com/kofapp/upload/events_master_images/ipad_nike-vaporfly-4-ghost-persian-violet.png,
Nike Pegasus 41,외부 이미지 (로딩 미검증),https://assets.footlocker.com/is/image/FLDM/F2722102_01?bfc=on&fmt=webp-alpha&hei=700&wid=700,
New Balance SC Elite v5,외부 이미지 (로딩 미검증),https://cdn.prod.website-files.com/624ebfbeeed5677ab444c417/687e3645722151a0eb80c425_5.png,
New Balance FuelCell Rebel v5,외부 이미지 (로딩 미검증),https://cdn.fleetfeet.com/a%3A1.5-f%3Acover-w%3A1200/products/WFCX8U7_2.jpg?s=282783e5,
New Balance 860 v15,외부 이미지 (로딩 미검증),https://shop.r10s.jp/step-sports/cabinet/12831450/w860-4ne-d.jpg,
Saucony Endorphin Pro 4,외부 이미지 (로딩 미검증),https://images.stockx.com/images/Saucony-Endorphin-Pro-4-Fog-Peel.jpg?auto=compress&bg=FFFFFF&dpr=2&fit=fill&fm=webp&h=500&q=90&trim=color&updated_at=1736244095&w=700,
Saucony Endorphin Speed 5,외부 이미지 (로딩 미검증),https://thekit.wolverineworldwide.com/match/media_lookup/S21007-97_1/?preset=dw-pdp-primary,
PUMA Fast-R Nitro Elite 3,외부 이미지 (로딩 미검증),https://cdn.shopify.com/s/files/1/0612/2736/8677/files/puma-fast-r-3_1024x1024.png?v=1747899489,
PUMA Deviate Nitro Elite 4,외부 이미지 (로딩 미검증),https://runlab.com.ua/image/cache/catalog/pim/product/312127-03/312127-03-312127-03_06-1600x1600.webp,
PUMA Deviate Nitro 4,외부 이미지 (로딩 미검증),https://www.paceathletic.com/cdn/shop/files/Mens-PUMA-Deviate-Nitro-4-Ultra-Red_PUMA-Silver-312123-19.jpg?v=1778565856&width=1701,
HOKA Cielo X1 2.0,외부 이미지 (로딩 미검증),https://www.lbmsport.it/wp-content/uploads/2025/02/hoka-cielo-X1-2.0-unisex-1162053-BKGD-1200x1048.jpg,
HOKA Clifton 10,외부 이미지 (로딩 미검증),https://aad216.a-cdn.akinoncloud.com/products/2025/04/14/21227750/e71667c8-f539-4532-a8a6-7ead63903781.jpg,
On Cloudboom Strike,외부 이미지 (로딩 미검증),https://images.ctfassets.net/hnk2vsx53n6l/8l5AGti6qI15Ke5EGxMrX/8949414b988ed582e17b6d56ebf2aa10/bc94347c67d29001d4971ce5c4464a5659bb873f.png?fm=webp,
On Cloudboom Strike 2 LightSpray,외부 이미지 (로딩 미검증),https://images.ctfassets.net/hnk2vsx53n6l/7z38fA8CW10929N8R0s7K8/bde6c8d0bbecd568d67c5fb936ce973b/a36a251c22e134d1fc3cdccfb4a78c30f87faa89.png?f=center&fit=fill&fl=progressive&fm=jpg&h=1500&q=80&w=1500,
On Cloudmonster 2,외부 이미지 (로딩 미검증),https://runpacers.com/cdn/shop/files/Womens-On-Cloudmonster-2-Ivory-Tangerine.jpg?v=1760734805,
