제품,브랜드,이미지 상태(기존 데이터),공식몰 링크,공식몰 판매 검증
ASICS Megablast,ASICS,대체 이미지,https://www.asics.com/us/en-us/megablast/p/ANA_1013A170-400.html,미확인
ASICS Metaspeed Sky Tokyo,ASICS,외부 이미지 URL(미검증),https://www.asics.com/jp/ja-jp/metaspeed-sky-tokyo/p/1013A162-400.html,미확인
ASICS Metaspeed Edge Tokyo,ASICS,외부 이미지 URL(미검증),https://m.asics.co.kr/p/AKR_112631105-400,미확인
ASICS Metaspeed Ray,ASICS,외부 이미지 URL(미검증),https://www.asics.com/nz/en-nz/metaspeed-ray-unisex-1013a176-100,미확인
adidas Adizero Boston 12,adidas,대체 이미지,https://www.adidas.co.kr/,미확인
adidas Adizero Boston 13,adidas,외부 이미지 URL(미검증),https://www.adidas.co.kr/%EC%95%84%EB%94%94%EC%A0%9C%EB%A1%9C-%EB%B3%B4%EC%8A%A4%ED%84%B4-13/KH5606.html,확인
adidas Adizero SL2,adidas,대체 이미지,https://www.adidas.co.kr/,미확인
adidas Adizero Takumi Sen 10,adidas,대체 이미지,https://www.adidas.co.kr/,미확인
ASICS Gel-Kayano 32,ASICS,외부 이미지 URL(미검증),https://www.asics.com/kr/ko-kr/,미확인
ASICS Gel-Nimbus 27,ASICS,대체 이미지,https://www.asics.com/kr/ko-kr/,미확인
ASICS Magic Speed 4,ASICS,대체 이미지,https://www.asics.com/kr/ko-kr/,미확인
Nike Vomero 18,Nike,외부 이미지 URL(미검증),https://www.nike.com/kr/t/%EB%82%98%EC%9D%B4%ED%82%A4-%EB%B3%B4%EB%A9%94%EB%A1%9C-18-%EB%82%A8%EC%84%B1-%EB%A1%9C%EB%93%9C-%EB%9F%AC%EB%8B%9D%ED%99%94-sUlilE2b/IM8333-200,확인
Nike Structure 26,Nike,대체 이미지,https://www.nike.com/kr/,미확인
Nike Zoom Fly 6,Nike,대체 이미지,https://www.nike.com/kr/,미확인
New Balance 1080 v14,New Balance,외부 이미지 URL(미검증),https://www.nbkorea.com/,미확인
New Balance More v5,New Balance,대체 이미지,https://www.nbkorea.com/,미확인
New Balance SC Trainer v3,New Balance,대체 이미지,https://www.nbkorea.com/,미확인
HOKA Mach 6,HOKA,대체 이미지,https://www.hoka.com/,미확인
HOKA Bondi 9,HOKA,외부 이미지 URL(미검증),https://www.hoka.com/,미확인
HOKA Arahi 8,HOKA,대체 이미지,https://www.hoka.com/,미확인
Saucony Ride 18,Saucony,대체 이미지,https://www.saucony.com/,미확인
Saucony Triumph 23,Saucony,대체 이미지,https://www.saucony.com/,미확인
Saucony Guide 18,Saucony,대체 이미지,https://www.saucony.com/,미확인
PUMA Velocity Nitro 4,PUMA,대체 이미지,https://kr.puma.com/,미확인
PUMA MagMax Nitro 2,PUMA,대체 이미지,https://kr.puma.com/,미확인
ASICS Novablast 6,ASICS,외부 이미지 URL(미검증),https://www.asics.com/kr/ko-kr/,미확인
ASICS Novablast 5,ASICS,외부 이미지 URL(미검증),https://www.asics.com/kr/ko-kr/,미확인
ASICS Superblast 2,ASICS,외부 이미지 URL(미검증),https://www.asics.com/kr/ko-kr/,미확인
ASICS Metaspeed Sky Paris,ASICS,외부 이미지 URL(미검증),https://www.asics.com/kr/ko-kr/,미확인
adidas Adizero Adios Pro 4,adidas,외부 이미지 URL(미검증),https://www.adidas.co.kr/,미확인
adidas Adizero Adios Pro 5,adidas,외부 이미지 URL(미검증),https://www.adidas.co.kr/,미확인
adidas Adizero EVO SL,adidas,외부 이미지 URL(미검증),https://www.adidas.co.kr/,미확인
Nike Alphafly 1,Nike,외부 이미지 URL(미검증),https://www.nike.com/kr/,미확인
Nike Alphafly 2,Nike,외부 이미지 URL(미검증),https://www.nike.com/kr/,미확인
Nike Alphafly 3,Nike,외부 이미지 URL(미검증),https://www.nike.com/kr/,미확인
Nike Alphafly 4,Nike,외부 이미지 URL(미검증),https://www.nike.com/kr/,미확인
Nike Vaporfly 4,Nike,외부 이미지 URL(미검증),https://www.nike.com/kr/,미확인
Nike Pegasus 41,Nike,외부 이미지 URL(미검증),https://www.nike.com/kr/,미확인
New Balance SC Elite v5,New Balance,외부 이미지 URL(미검증),https://www.nbkorea.com/,미확인
New Balance FuelCell Rebel v5,New Balance,외부 이미지 URL(미검증),https://www.nbkorea.com/,미확인
New Balance 860 v15,New Balance,외부 이미지 URL(미검증),https://www.nbkorea.com/,미확인
Saucony Endorphin Pro 4,Saucony,외부 이미지 URL(미검증),https://www.saucony.com/,미확인
Saucony Endorphin Speed 5,Saucony,외부 이미지 URL(미검증),https://www.saucony.com/,미확인
PUMA Fast-R Nitro Elite 3,PUMA,외부 이미지 URL(미검증),https://kr.puma.com/,미확인
PUMA Deviate Nitro Elite 4,PUMA,외부 이미지 URL(미검증),https://kr.puma.com/,미확인
PUMA Deviate Nitro 4,PUMA,외부 이미지 URL(미검증),https://kr.puma.com/,미확인
HOKA Cielo X1 2.0,HOKA,외부 이미지 URL(미검증),https://www.hoka.com/,미확인
HOKA Clifton 10,HOKA,외부 이미지 URL(미검증),https://www.hoka.com/,미확인
On Cloudboom Strike,On,외부 이미지 URL(미검증),https://www.on.com/,미확인
On Cloudboom Strike 2 LightSpray,On,외부 이미지 URL(미검증),https://www.on.com/,미확인
On Cloudmonster 2,On,외부 이미지 URL(미검증),https://www.on.com/,미확인
